type,id
1,50000
1,50001
1,50002
1,50003
1,50004
1,50005
1,50006
1,50007
1,50008
1,50009
1,50010
1,50011
1,50012
1,50013
1,50014
1,50015
1,50016
1,50017
1,50018
1,50019
1,50020
1,50021
1,50022
1,50023
1,50024
1,50025
1,50026
1,50027
1,50028
1,50029
1,50030
1,50031
1,50032
1,50033
1,50034
1,50035
1,50036
1,50037
1,50038
1,50039
1,50040
1,50041
1,50042
1,50043
1,50044
1,50045
1,50046
1,50047
1,50048
1,50049
1,50060
1,50061
1,50062
1,50063
1,50064
1,50065
1,50066
1,50067
1,50068
1,50069
1,50070
1,50071
1,50072
1,50073
1,50074
1,50075
1,50076
1,50077
1,50078
1,50079
1,50080
1,50081
1,50082
1,50083
1,50084
1,50085
1,50086
1,50087
1,50088
1,50089
1,50090
1,50091
1,50092
1,50093
1,50094
1,50095
1,50096
1,50097
1,50098
1,50099
1,50100
1,50101
1,50102
1,50103
1,50104
1,50105
1,50106
1,50107
1,50108
1,50109
1,50110
1,50111
1,50112
1,50113
1,50114
1,50115
1,50116
1,50117
1,50118
1,50119
1,50120
1,50121
1,50122
1,50123
1,50124
1,50125
1,50126
1,50127
1,50128
1,50129
1,50130
1,50131
1,50132
1,50133
1,50134
1,50135
1,50136
1,50137
1,50138
1,50139
1,50140
1,50141
1,50142
1,50143
1,50144
1,50145
1,50146
1,50147
1,50148
1,50149
1,50150
1,50151
1,50152
1,50153
1,50154
1,50155
1,50156
1,50157
1,50158
1,50159
1,50160
1,50161
1,50162
1,50163
1,50164
1,50165
1,50166
1,50167
1,50168
1,50169
1,50170
1,50171
1,50172
1,50173
1,50174
1,50175
1,50176
1,50177
1,50178
1,50179
1,50180
1,50181
1,50182
1,50183
1,50184
1,50185
1,50186
1,50187
1,50188
1,50189
1,50190
1,50191
1,50192
1,50193
1,50194
1,50195
1,50196
1,50197
1,50198
1,50199
1,80100
1,80101
1,80102
1,80103
1,80104
1,80105
1,80106
1,80107
1,80108
1,80109
1,80110
1,80111
1,80112
1,80113
1,80114
1,80115
1,80116
1,80117
1,80118
1,80119
1,80120
1,80121
1,80130
1,80131
1,80132
1,80133
1,80134
1,80135
1,80136
1,80137
1,80138
1,80139
1,80140
1,80141
1,80142
1,80143
1,80144
1,80145
1,80146
1,80147
1,80148
1,80149
1,80150
1,80151
1,80152
1,80153
1,80154
1,80155
1,80156
1,80157
1,80158
1,80159
1,80160
1,80161
1,80162
1,80163
1,80164
1,80165
1,80166
1,80167
3,50000
3,50001
3,50002
3,50003
3,50004
3,50005
3,50006
3,50007
3,50008
3,50009
3,50010
3,50011
3,50012
3,50013
3,50014
3,50015
3,50016
3,50017
3,50018
3,50019
3,50020
3,50021
3,50022
3,50023
3,50024
3,50025
3,50026
3,50027
3,50028
3,50029
3,50030
3,50031
3,50032
3,50033
3,50034
3,50035
3,50036
3,50037
3,50038
3,50039
3,50040
3,50041
3,50042
3,50043
3,50044
3,50045
3,50046
3,50047
3,50048
3,50049
3,50050
3,50051
3,50052
3,50053
3,50054
3,50055
3,50056
3,50057
3,50058
3,50059
3,50060
3,50061
3,50062
3,50063
3,50064
3,50065
3,50066
3,50067
3,50068
3,50069
3,50070
3,50071
3,50072
3,50073
3,50074
3,50075
3,50076
3,50077
3,50078
3,50079
3,50080
3,50081
3,50082
3,50083
3,50084
3,50085
3,50086
3,50087
3,50088
3,50089
3,50090
3,50091
3,50092
3,50093
3,50094
3,50095
3,50096
3,50097
3,50098
3,50099
3,50100
3,50101
3,50102
3,50103
3,50104
3,50105
3,50106
3,50107
3,50108
3,50109
3,50110
3,50111
3,50112
3,50113
3,50114
3,50115
3,50116
3,50117
3,50118
3,50119
3,50120
3,50121
3,50122
3,50123
3,50124
3,50125
3,50126
3,50127
3,50128
3,50129
3,50130
3,50131
3,50132
3,50133
3,50134
3,50135
3,50136
3,50137
3,50138
3,50139
3,50140
3,50141
3,50142
3,50143
3,50144
3,50145
3,50146
3,50147
3,50148
3,50149
3,50150
3,50151
3,50152
3,50153
3,50154
3,50155
3,50156
3,50157
3,50158
3,50159
3,50160
3,50161
3,50162
3,50163
3,50164
3,50165
3,50166
3,50167
3,50168
3,50169
3,50170
3,50171
3,50172
3,50173
3,50174
3,50175
3,50176
3,50177
3,50178
3,50179
3,50180
3,50181
3,50182
3,50183
3,50184
3,50185
3,50186
3,50187
3,50188
3,50189
3,50190
3,50191
3,50192
3,50193
3,50194
3,50195
3,50196
3,50197
3,50198
3,50199
5,50000
5,50001
5,50002
5,50003
5,50004
5,50005
5,50006
5,50007
5,50008
5,50009
5,50010
5,50011
5,50012
5,50013
5,50014
5,50015
5,50016
5,50017
5,50018
5,50019
5,50020
5,50021
5,50022
5,50023
5,50024
5,50025
5,50026
5,50027
5,50028
5,50029
5,50030
5,50031
5,50032
5,50033
5,50034
5,50035
5,50036
5,50037
5,50038
5,50039
5,50040
5,50041
5,50042
5,50043
5,50044
5,50045
5,50046
5,50047
5,50048
5,50049
5,50050
5,50051
5,50052
5,50053
5,50054
5,50055
5,50056
5,50057
5,50058
5,50059
5,50060
5,50061
5,50062
5,50063
5,50064
5,50065
5,50066
5,50067
5,50068
5,50069
5,50070
5,50071
5,50072
5,50073
5,50074
5,50075
5,50076
5,50077
5,50078
5,50079
5,50080
5,50081
5,50082
5,50083
5,50084
5,50085
5,50086
5,50087
5,50088
5,50089
5,50090
5,50091
5,50092
5,50093
5,50094
5,50095
5,50096
5,50097
5,50098
5,50099
5,80100
5,80101
5,80102
5,80103
5,80104
5,80105
5,80106
5,80107
5,80108
5,80109
5,80110
5,80111
5,80112
5,80113
5,80114
5,80115
5,80116
5,80117
5,80118
5,80119
5,80120
5,80121
5,80122
5,80123
5,80124
5,80125
5,80126
5,80127
5,80128
5,80129
5,80130
5,80131
5,80132
5,80133
5,80134
5,80135
5,80136
5,80137
5,80138
5,80139
5,80140
5,80141
5,80142
5,80143
5,80144
5,80145
5,80146
5,80147
5,80148
5,80149
5,80150
5,80151
5,80152
5,80153
5,80154
5,80155
5,80156
5,80157
5,80158
5,80159
5,80160
5,80161
5,80162
5,80163
5,80164
5,80165
5,80166
5,80167
5,80168
5,80169
5,80170
5,80171
5,80172
5,80173
5,80174
5,80175
5,80176
5,80177
5,80178
5,80179
5,80180
5,80181
5,80182
5,80183
5,80184
5,80185
5,80186
5,80187
5,80188
5,80189
5,80190
5,80191
5,80192
5,80193
5,80194
5,80195
5,80196
5,80197
5,80198
5,80199
5,80200
5,80201
5,80202
5,80203
5,80204
5,80205
5,80206
5,80207
5,80208
5,80209
5,80210
5,80211
5,80212
5,80213
5,80214
5,80215
5,80216
5,80217
5,80218
5,80219
5,80220
5,80221
5,80222
5,80223
5,80224
5,80225
5,80226
5,80227
5,80228
5,80229
5,80230
5,80231
5,80232
5,80233
5,80234
5,80235
5,80236
5,80237
5,80238
5,80239
5,80240
5,80241
5,80242
5,80243
5,80244
5,80245
5,80246
5,80247
5,80248
5,80249
5,80250
5,80251
5,80252
5,80253
5,80254
5,80255
5,80256
5,80257
5,80258
5,80259
5,80260
5,80261
5,80262
5,80263
5,80264
5,80265
5,80266
5,80267
5,80268
5,80269
5,80270
5,80271
5,80272
5,80273
5,80274
5,80275
5,80276
5,80277
5,80278
5,80279
5,80280
5,80281
5,80282
5,80283
5,80284
5,80285
5,80286
5,80287
5,80288
5,80289
5,80290
5,80291
5,80292
5,80293
5,80294
5,80295
5,80296
5,80297
5,80298
5,80299
5,80300
5,80301
5,80302
5,80303
5,80304
5,80305
5,80306
5,80307
5,80308
5,80309
5,80310
5,80311
5,80312
5,80313
5,80314
5,80315
5,80316
5,80317
5,80318
5,80319
5,80320
5,80321
5,80322
5,80323
5,80324
5,80325
5,80326
5,80327
5,80328
5,80329
5,80330
5,80331
5,80332
5,80333
5,80334
5,80335
5,80336
5,80337
5,80338
5,80339
5,80340
5,80341
5,80342
5,80343
5,80344
5,80345
5,80346
5,80347
5,80348
5,80349
5,80350
5,80351
5,80352
5,80353
5,80354
5,80355
5,80356
5,80357
5,80358
5,80359
5,80360
5,80361
5,80362
5,80363
5,80364
5,80365
5,80366
5,80367
5,80368
5,80369
5,80370
5,80371
5,80372
5,80373
5,80374
5,80375
5,80376
5,80377
5,80378
5,80379
5,80380
5,80381
5,80382
5,80383
5,80384
5,80385
5,80386
5,80387
5,80388
5,80389
5,80390
5,80391
5,80392
5,80393
5,80394
5,80395
5,80396
5,80397
5,80398
5,80399
5,80400
5,80401
5,80402
5,80403
5,80404
5,80405
5,80406
5,80407
5,80408
5,80409
5,80410
5,80411
5,80412
5,80413
5,80414
5,80415
5,80416
5,80417
5,80418
5,80419
5,80420
5,80421
5,80422
5,80423
5,80424
5,80425
5,80426
5,80427
5,80428
5,80429
5,80430
5,80431
5,80432
5,80433
5,80434
5,80435
5,80436
5,80437
5,80438
5,80439
5,80440
5,80441
5,80442
5,80443
5,80444
5,80445
5,80446
5,80447
5,80448
5,80449
5,80450
5,80451
5,80452
5,80453
5,80454
5,80455
5,80456
5,80457
5,80458
5,80459
5,80460
5,80461
5,80462
5,80463
5,80464
5,80465
5,80466
5,80467
5,80468
5,80469
5,80470
5,80471
5,80472
5,80473
5,80474
5,80475
5,80476
5,80477
5,80478
5,80479
5,80480
5,80481
5,80482
5,80483
5,80484
5,80485
5,80486
5,80487
5,80488
5,80489
5,80490
5,80491
5,80492
5,80493
5,80494
5,80495
5,80496
5,80497
5,80498
5,80499
5,80500
5,80501
5,80502
5,80503
5,80504
5,80505
5,80506
5,80507
5,80508
5,80509
5,80510
5,80511
5,80512
5,80513
5,80514
5,80515
5,80516
5,80517
5,80518
5,80519
6,50000
6,50001
6,50002
6,50003
6,50004
6,50005
6,50006
6,50007
6,50008
6,50009
6,50010
6,50011
6,50012
6,50013
6,50014
6,50015
6,50016
6,50017
6,50018
6,50019
6,50020
6,50021
6,50022
6,50023
6,50024
6,50025
6,50026
6,50027
6,50028
6,50029
6,50030
6,50031
6,50032
6,50033
6,50034
6,50035
6,50036
6,50037
6,50038
6,50039
6,50040
6,50041
6,50042
6,50043
6,50044
6,50045
6,50046
6,50047
6,50048
6,50049
6,50050
6,50051
6,50052
6,50053
6,50054
6,50055
6,50056
6,50057
6,50058
6,50059
6,50060
6,50061
6,50062
6,50063
6,50064
6,50065
6,50066
6,50067
6,50068
6,50069
6,50070
6,50071
6,50072
6,50073
6,50074
6,50075
6,50076
6,50077
6,50078
6,50079
6,50080
6,50081
6,50082
6,50083
6,50084
6,50085
6,50086
6,50087
6,50088
6,50089
6,50090
6,50091
6,50092
6,50093
6,50094
6,50095
6,50096
6,50097
6,50098
6,50099
6,80100
6,80101
6,80102
6,80103
6,80104
6,80105
6,80106
6,80107
6,80108
6,80109
6,80110
6,80111
6,80112
6,80113
6,80114
6,80115
6,80116
6,80117
6,80118
6,80119
6,80120
6,80121
6,80122
6,80123
6,80124
6,80125
6,80126
6,80127
6,80128
6,80129
6,80130
6,80131
6,80132
6,80133
6,80134
6,80135
6,80136
6,80137
6,80138
6,80139
6,80140
6,80141
6,80142
6,80143
6,80144
6,80145
6,80146
6,80147
6,80148
6,80149
6,80150
6,80151
6,80152
6,80153
6,80154
6,80155
6,80156
6,80157
6,80158
6,80159
6,80160
6,80161
6,80162
6,80163
6,80164
6,80165
6,80166
6,80167
6,80168
6,80169
6,80170
6,80171
6,80172
6,80173
6,80174
6,80175
6,80176
6,80177
6,80178
6,80179
6,80180
6,80181
6,80182
6,80183
6,80184
6,80185
6,80186
6,80187
6,80188
6,80189
6,80190
6,80191
6,80192
6,80193
6,80194
6,80195
6,80196
6,80197
6,80198
6,80199
6,80200
6,80201
6,80202
6,80203
6,80204
6,80205
6,80206
6,80207
6,80208
6,80209
6,80210
6,80211
6,80212
6,80213
6,80214
6,80215
6,80216
6,80217
6,80218
6,80219
6,80220
6,80221
6,80222
6,80223
6,80224
6,80225
6,80226
6,80227
6,80228
6,80229
6,80230
6,80231
6,80232
6,80233
6,80234
6,80235
6,80236
6,80237
6,80238
6,80239
6,80240
6,80241
6,80242
6,80243
6,80244
6,80245
6,80246
6,80247
6,80248
6,80249
6,80250
6,80251
6,80252
6,80253
6,80254
6,80255
6,80256
6,80257
6,80258
6,80259
6,80260
6,80261
6,80262
6,80263
6,80264
6,80265
6,80266
6,80267
6,80268
6,80269
6,80270
6,80271
6,80272
6,80273
6,80274
6,80275
6,80276
6,80277
6,80278
6,80279
6,80280
6,80281
6,80282
6,80283
6,80284
6,80285
6,80286
6,80287
6,80288
6,80289
6,80290
6,80291
6,80292
6,80293
6,80294
6,80295
6,80296
6,80297
6,80298
6,80299
8,50000
8,50001
8,50002
8,50003
8,50004
8,50005
8,50006
8,50007
8,50008
8,50009
8,50010
8,50011
8,50012
8,50013
8,50014
8,50015
8,50016
8,50017
8,50018
8,50019
8,50020
8,50021
8,50022
8,50023
8,50024
8,50025
8,50026
8,50027
8,50028
8,50029
8,50030
8,50031
8,50032
8,50033
8,50034
8,50035
8,50036
8,50037
8,50038
8,50039
8,50040
8,50041
8,50042
8,50043
8,50044
8,50045
8,50046
8,50047
8,50048
8,50049
8,50050
8,50051
8,50052
8,50053
8,50054
8,50055
8,50056
8,50057
8,50058
8,50059
8,50060
8,50061
8,50062
8,50063
8,50064
8,50065
8,50066
8,50067
8,50068
8,50069
8,50070
8,50071
8,50072
8,50073
8,50074
8,50075
8,50076
8,50077
8,50078
8,50079
8,50080
8,50081
8,50082
8,50083
8,50084
8,50085
8,50086
8,50087
8,50088
8,50089
8,50090
8,50091
8,50092
8,50093
8,50094
8,50095
8,50096
8,50097
8,50098
8,50099
8,80100
8,80101
8,80102
8,80103
8,80104
8,80105
8,80106
8,80107
8,80108
8,80109
8,80110
8,80111
8,80112
8,80113
8,80114
8,80115
8,80116
8,80117
8,80118
8,80119
8,80120
8,80121
8,80122
8,80123
8,80124
8,80125
8,80126
8,80127
8,80128
8,80129
8,80130
8,80131
8,80132
8,80133
8,80134
8,80135
8,80136
8,80137
8,80138
8,80139
8,80140
8,80141
8,80142
8,80143
8,80144
8,80145
8,80146
8,80147
8,80148
8,80149
8,80150
8,80151
8,80152
8,80153
8,80154
8,80155
8,80156
8,80157
8,80158
8,80159
8,80160
8,80161
8,80162
8,80163
8,80164
8,80165
8,80166
8,80167
8,80168
8,80169
8,80170
8,80171
8,80172
8,80173
8,80174
8,80175
8,80176
8,80177
8,80178
8,80179
8,80180
8,80181
8,80182
8,80183
8,80184
8,80185
8,80186
8,80187
8,80188
8,80189
8,80190
8,80191
8,80192
8,80193
8,80194
8,80195
8,80196
8,80197
8,80198
8,80199
8,80200
8,80201
8,80202
8,80203
8,80204
8,80205
8,80206
8,80207
8,80208
8,80209
8,80210
8,80211
8,80212
8,80213
8,80214
8,80215
8,80216
8,80217
8,80218
8,80219
8,80220
8,80221
8,80222
8,80223
8,80224
8,80225
8,80226
8,80227
8,80228
8,80229
8,80230
8,80231
8,80232
8,80233
8,80234
8,80235
8,80236
8,80237
8,80238
8,80239
8,80240
8,80241
8,80242
8,80243
8,80244
8,80245
8,80246
8,80247
8,80248
8,80249
8,80250
8,80251
8,80252
8,80253
8,80254
8,80255
8,80256
8,80257
8,80258
8,80259
8,80260
8,80261
8,80262
8,80263
8,80264
8,80265
8,80266
8,80267
8,80268
8,80269
8,80270
8,80271
8,80272
8,80273
8,80274
8,80275
8,80276
8,80277
8,80278
8,80279
8,80280
8,80281
8,80282
8,80283
8,80284
8,80285
8,80286
8,80287
8,80288
8,80289
8,80290
8,80291
8,80292
8,80293
8,80294
8,80295
8,80296
8,80297
8,80298
8,80299
8,80300
8,80301
8,80302
8,80303
8,80304
8,80305
8,80306
8,80307
8,80308
8,80309
8,80310
8,80311
8,80312
8,80313
8,80314
8,80315
8,80316
8,80317
8,80318
8,80319
8,80320
8,80321
8,80322
8,80323
8,80324
8,80325
8,80326
8,80327
8,80328
8,80329
8,80330
8,80331
8,80332
8,80333
8,80334
8,80335
8,80336
8,80337
8,80338
8,80339
8,80340
8,80341
8,80342
8,80343
8,80344
8,80345
8,80346
8,80347
8,80348
8,80349
8,80350
8,80351
8,80352
8,80353
8,80354
8,80355
8,80356
8,80357
8,80358
8,80359
8,80360
8,80361
8,80362
8,80363
8,80364
8,80365
8,80366
8,80367
8,80368
8,80369
8,80370
8,80371
8,80372
8,80373
8,80374
8,80375
8,80376
8,80377
8,80378
8,80379
8,80380
8,80381
8,80382
8,80383
8,80384
8,80385
8,80386
8,80387
8,80388
8,80389
8,80390
8,80391
8,80392
8,80393
8,80394
8,80395
8,80396
8,80397
8,80398
8,80399
9,50000
9,50001
9,50002
9,50003
9,50004
9,50005
9,50006
9,50007
9,50008
9,50009
9,50010
9,50011
9,50012
9,50013
9,50014
9,50015
9,50016
9,50017
9,50018
9,50019
9,50020
9,50021
9,50022
9,50023
9,50024
9,50025
9,50026
9,50027
9,50028
9,50029
9,50030
9,50031
9,50032
9,50033
9,50034
9,50035
9,50036
9,50037
9,50038
9,50039
9,50040
9,50041
9,50042
9,50043
9,50044
9,50045
9,50046
9,50047
9,50048
9,50049
9,50050
9,50051
9,50052
9,50053
9,50054
9,50055
9,50056
9,50057
9,50058
9,50059
9,50060
9,50061
9,50062
9,50063
9,50064
9,50065
9,50066
9,50067
9,50068
9,50069
9,50070
9,50071
9,50072
9,50073
9,50074
9,50075
9,50076
9,50077
9,50078
9,50079
9,50080
9,50081
9,50082
9,50083
9,50084
9,50085
9,50086
9,50087
9,50088
9,50089
9,50090
9,50091
9,50092
9,50093
9,50094
9,50095
9,50096
9,50097
9,50098
9,50099
14,50000
14,50001
14,50002
14,50003
14,50004
14,50005
14,50006
14,50007
14,50008
14,50009
14,50010
14,50011
14,50012
14,50013
14,50014
14,50015
14,50016
14,50017
14,50018
14,50019
14,50020
14,50021
14,50022
14,50023
14,50024
14,50025
14,50026
14,50027
14,50028
14,50029
14,50030
14,50031
14,50032
14,50033
14,50034
14,50035
14,50036
14,50037
14,50038
14,50039
14,50040
14,50041
14,50042
14,50043
14,50044
14,50045
14,50046
14,50047
14,50048
14,50049
14,50050
14,50051
14,50052
14,50053
14,50054
14,50055
14,50056
14,50057
14,50058
14,50059
14,50060
14,50061
14,50062
14,50063
14,50064
14,50065
14,50066
14,50067
14,50068
14,50069
14,50070
14,50071
14,50072
14,50073
14,50074
14,50075
14,50076
14,50077
14,50078
14,50079
14,50080
14,50081
14,50082
14,50083
14,50084
14,50085
14,50086
14,50087
14,50088
14,50089
14,50090
14,50091
14,50092
14,50093
14,50094
14,50095
14,50096
14,50097
14,50098
14,50099
14,80100
14,80101
14,80102
14,80103
14,80104
14,80105
14,80106
14,80107
14,80108
14,80109
14,80110
14,80111
14,80112
14,80113
14,80114
14,80115
14,80116
14,80117
14,80118
14,80119
14,80120
14,80121
14,80122
14,80123
14,80124
14,80125
14,80126
14,80127
14,80128
14,80129
14,80130
14,80131
14,80132
14,80133
14,80134
14,80135
14,80136
14,80137
14,80138
14,80139
14,80140
14,80141
14,80142
14,80143
14,80144
14,80145
14,80146
14,80147
14,80148
14,80149
14,80150
14,80151
14,80152
14,80153
14,80154
14,80155
14,80156
14,80157
14,80158
14,80159
14,80160
14,80161
14,80162
14,80163
14,80164
14,80165
14,80166
14,80167
14,80168
14,80169
14,80170
14,80171
14,80172
14,80173
14,80174
14,80175
14,80176
14,80177
14,80178
14,80179
14,80180
14,80181
14,80182
14,80183
14,80184
14,80185
14,80186
14,80187
14,80188
14,80189
14,80190
14,80191
14,80192
14,80193
14,80194
14,80195
14,80196
14,80197
14,80198
14,80199
14,80200
14,80201
14,80202
14,80203
14,80204
14,80205
14,80206
14,80207
14,80208
14,80209
14,80210
14,80211
14,80212
14,80213
14,80214
14,80215
14,80216
14,80217
14,80218
14,80219
14,80220
14,80221
14,80222
14,80223
14,80224
14,80225
14,80226
14,80227
14,80228
14,80229
14,80230
14,80231
14,80232
14,80233
14,80234
14,80235
14,80236
14,80237
14,80238
14,80239
14,80240
14,80241
14,80242
14,80243
14,80244
14,80245
14,80246
14,80247
14,80248
14,80249
14,80250
14,80251
14,80252
14,80253
14,80254
14,80255
14,80256
14,80257
14,80258
14,80259
14,80260
14,80261
14,80262
14,80263
14,80264
14,80265
14,80266
14,80267
14,80268
14,80269
14,80270
14,80271
14,80272
14,80273
14,80274
14,80275
14,80276
14,80277
14,80278
14,80279
14,80280
14,80281
14,80282
14,80283
14,80284
14,80285
14,80286
14,80287
14,80288
14,80289
14,80290
14,80291
14,80292
14,80293
14,80294
14,80295
14,80296
14,80297
14,80298
14,80299
14,80300
14,80301
14,80302
14,80303
14,80304
14,80305
14,80306
14,80307
14,80308
14,80309
14,80310
14,80311
14,80312
14,80313
14,80314
14,80315
14,80316
14,80317
14,80318
14,80319
14,80320
14,80321
14,80322
14,80323
14,80324
14,80325
14,80326
14,80327
14,80328
14,80329
14,80330
14,80331
14,80332
14,80333
14,80334
14,80335
14,80336
14,80337
14,80338
14,80339
14,80340
14,80341
14,80342
14,80343
14,80344
14,80345
14,80346
14,80347
14,80348
14,80349
14,80350
14,80351
14,80352
14,80353
14,80354
14,80355
14,80356
14,80357
14,80358
14,80359
14,80360
14,80361
14,80362
14,80363
14,80364
14,80365
14,80366
14,80367
14,80368
14,80369
14,80370
14,80371
14,80372
14,80373
14,80374
14,80375
14,80376
14,80377
14,80378
14,80379
14,80380
14,80381
14,80382
14,80383
14,80384
14,80385
14,80386
14,80387
14,80388
14,80389
14,80390
14,80391
14,80392
14,80393
14,80394
14,80395
14,80396
14,80397
14,80398
14,80399
15,50000
15,50001
15,50002
15,50003
15,50004
15,50005
15,50006
15,50007
15,50008
15,50009
15,50010
15,50011
15,50012
15,50013
15,50014
15,50015
15,50016
15,50017
15,50018
15,50019
15,50020
15,50021
15,50022
15,50023
15,50024
15,50025
15,50026
15,50027
15,50028
15,50029
15,50030
15,50031
15,50032
15,50033
15,50034
15,50035
15,50036
15,50037
15,50038
15,50039
15,50040
15,50041
15,50042
15,50043
15,50044
15,50045
15,50046
15,50047
15,50048
15,50049
15,50060
15,50061
15,50062
15,50063
15,50064
15,50065
15,50066
15,50067
15,50068
15,50069
15,50070
15,50071
15,50072
15,50073
15,50074
15,50075
15,50076
15,50077
15,50078
15,50079
15,50080
15,50081
15,50082
15,50083
15,50084
15,50085
15,50086
15,50087
15,50088
15,50089
15,50090
15,50091
15,50092
15,50093
15,50094
15,50095
15,50096
15,50097
15,50098
15,50099
15,50100
15,50101
15,50102
15,50103
15,50104
15,50105
15,50106
15,50107
15,50108
15,50109
15,50110
15,50111
15,50112
15,50113
15,50114
15,50115
15,50116
15,50117
15,50118
15,50119
15,50120
15,50121
15,50122
15,50123
15,50124
15,50125
15,50126
15,50127
15,50128
15,50129
15,50130
15,50131
15,50132
15,50133
15,50134
15,50135
15,50136
15,50137
15,50138
15,50139
15,50140
15,50141
15,50142
15,50143
15,50144
15,50145
15,50146
15,50147
15,50148
15,50149
15,50150
15,50151
15,50152
15,50153
15,50154
15,50155
15,50156
15,50157
15,50158
15,50159
15,50160
15,50161
15,50162
15,50163
15,50164
15,50165
15,50166
15,50167
15,50168
15,50169
15,50170
15,50171
15,50172
15,50173
15,50174
15,50175
15,50176
15,50177
15,50178
15,50179
15,50180
15,50181
15,50182
15,50183
15,50184
15,50185
15,50186
15,50187
15,50188
15,50189
15,50190
15,50191
15,50192
15,50193
15,50194
15,50195
15,50196
15,50197
15,50198
15,50199
15,80100
15,80101
15,80102
15,80103
15,80104
15,80105
15,80106
15,80107
15,80108
15,80109
15,80110
15,80111
15,80112
15,80113
15,80114
15,80115
15,80116
15,80117
15,80118
15,80119
15,80120
15,80121
15,80130
15,80131
15,80132
15,80133
15,80134
15,80135
15,80136
15,80137
15,80138
15,80139
15,80140
15,80141
15,80142
15,80143
15,80144
15,80145
15,80146
15,80147
15,80148
15,80149
15,80150
15,80151
15,80152
15,80153
15,80154
15,80155
15,80156
15,80157
15,80158
15,80159
15,80160
15,80161
15,80162
15,80163
15,80164
15,80165
15,80166
15,80167
16,50000
16,50001
16,50002
16,50003
16,50004
16,50005
16,50006
16,50007
16,50008
16,50009
16,50010
16,50011
16,50012
16,50013
16,50014
16,50015
16,50016
16,50017
16,50018
16,50019
16,50020
16,50021
16,50022
16,50023
16,50024
16,50025
16,50026
16,50027
16,50028
16,50029
16,50030
16,50031
16,50032
16,50033
16,50034
16,50035
16,50036
16,50037
16,50038
16,50039
16,50040
16,50041
16,50042
16,50043
16,50044
16,50045
16,50046
16,50047
16,50048
16,50049
16,50050
16,50051
16,50052
16,50053
16,50054
16,50055
16,50056
16,50057
16,50058
16,50059
16,50060
16,50061
16,50062
16,50063
16,50064
16,50065
16,50066
16,50067
16,50068
16,50069
16,50070
16,50071
16,50072
16,50073
16,50074
16,50075
16,50076
16,50077
16,50078
16,50079
16,50080
16,50081
16,50082
16,50083
16,50084
16,50085
16,50086
16,50087
16,50088
16,50089
16,50090
16,50091
16,50092
16,50093
16,50094
16,50095
16,50096
16,50097
16,50098
16,50099
16,50100
16,50101
16,50102
16,50103
16,50104
16,50105
16,50106
16,50107
16,50108
16,50109
16,50110
16,50111
16,50112
16,50113
16,50114
16,50115
16,50116
16,50117
16,50118
16,50119
16,50120
16,50121
16,50122
16,50123
16,50124
16,50125
16,50126
16,50127
16,50128
16,50129
16,50130
16,50131
16,50132
16,50133
16,50134
16,50135
16,50136
16,50137
16,50138
16,50139
16,50140
16,50141
16,50142
16,50143
16,50144
16,50145
16,50146
16,50147
16,50148
16,50149
16,50150
16,50151
16,50152
16,50153
16,50154
16,50155
16,50156
16,50157
16,50158
16,50159
16,50160
16,50161
16,50162
16,50163
16,50164
16,50165
16,50166
16,50167
16,50168
16,50169
16,50170
16,50171
16,50172
16,50173
16,50174
16,50175
16,50176
16,50177
16,50178
16,50179
16,50180
16,50181
16,50182
16,50183
16,50184
16,50185
16,50186
16,50187
16,50188
16,50189
16,50190
16,50191
16,50192
16,50193
16,50194
16,50195
16,50196
16,50197
16,50198
16,50199
17,50000
17,50001
17,50002
17,50003
17,50004
17,50005
17,50006
17,50007
17,50008
17,50009
17,50010
17,50011
17,50012
17,50013
17,50014
17,50015
17,50016
17,50017
17,50018
17,50019
17,50020
17,50021
17,50022
17,50023
17,50024
17,50025
17,50026
17,50027
17,50028
17,50029
17,50030
17,50031
17,50032
17,50033
17,50034
17,50035
17,50036
17,50037
17,50038
17,50039
17,50040
17,50041
17,50042
17,50043
17,50044
17,50045
17,50046
17,50047
17,50048
17,50049
17,50050
17,50051
17,50052
17,50053
17,50054
17,50055
17,50056
17,50057
17,50058
17,50059
17,50060
17,50061
17,50062
17,50063
17,50064
17,50065
17,50066
17,50067
17,50068
17,50069
17,50070
17,50071
17,50072
17,50073
17,50074
17,50075
17,50076
17,50077
17,50078
17,50079
17,50080
17,50081
17,50082
17,50083
17,50084
17,50085
17,50086
17,50087
17,50088
17,50089
17,50090
17,50091
17,50092
17,50093
17,50094
17,50095
17,50096
17,50097
17,50098
17,50099
17,50100
17,50101
17,50102
17,50103
17,50104
17,50105
17,50106
17,50107
17,50108
17,50109
17,50110
17,50111
17,50112
17,50113
17,50114
17,50115
17,50116
17,50117
17,50118
17,50119
17,50120
17,50121
17,50122
17,50123
17,50124
17,50125
17,50126
17,50127
17,50128
17,50129
17,50130
17,50131
17,50132
17,50133
17,50134
17,50135
17,50136
17,50137
17,50138
17,50139
17,50140
17,50141
17,50142
17,50143
17,50144
17,50145
17,50146
17,50147
17,50148
17,50149
17,50150
17,50151
17,50152
17,50153
17,50154
17,50155
17,50156
17,50157
17,50158
17,50159
17,50160
17,50161
17,50162
17,50163
17,50164
17,50165
17,50166
17,50167
17,50168
17,50169
17,50170
17,50171
17,50172
17,50173
17,50174
17,50175
17,50176
17,50177
17,50178
17,50179
17,50180
17,50181
17,50182
17,50183
17,50184
17,50185
17,50186
17,50187
17,50188
17,50189
17,50190
17,50191
17,50192
17,50193
17,50194
17,50195
17,50196
17,50197
17,50198
17,50199
20,50000
20,50001
20,50002
20,50003
20,50004
20,50005
20,50006
20,50007
20,50008
20,50009
20,50010
20,50011
20,50012
20,50013
20,50014
20,50015
20,50016
20,50017
20,50018
20,50019
20,50020
20,50021
20,50022
20,50023
20,50024
20,50025
20,50026
20,50027
20,50028
20,50029
20,50030
20,50031
20,50032
20,50033
20,50034
20,50035
20,50036
20,50037
20,50038
20,50039
20,50040
20,50041
20,50042
20,50043
20,50044
20,50045
20,50046
20,50047
20,50048
20,50049
20,50050
20,50051
20,50052
20,50053
20,50054
20,50055
20,50056
20,50057
20,50058
20,50059
20,50060
20,50061
20,50062
20,50063
20,50064
20,50065
20,50066
20,50067
20,50068
20,50069
20,50070
20,50071
20,50072
20,50073
20,50074
20,50075
20,50076
20,50077
20,50078
20,50079
20,50080
20,50081
20,50082
20,50083
20,50084
20,50085
20,50086
20,50087
20,50088
20,50089
20,50090
20,50091
20,50092
20,50093
20,50094
20,50095
20,50096
20,50097
20,50098
20,50099
20,50100
20,50101
20,50102
20,50103
20,50104
20,50105
20,50106
20,50107
20,50108
20,50109
20,50110
20,50111
20,50112
20,50113
20,50114
20,50115
20,50116
20,50117
20,50118
20,50119
20,50120
20,50121
20,50122
20,50123
20,50124
20,50125
20,50126
20,50127
20,50128
20,50129
20,50130
20,50131
20,50132
20,50133
20,50134
20,50135
20,50136
20,50137
20,50138
20,50139
20,50140
20,50141
20,50142
20,50143
20,50144
20,50145
20,50146
20,50147
20,50148
20,50149
20,50150
20,50151
20,50152
20,50153
20,50154
20,50155
20,50156
20,50157
20,50158
20,50159
20,50160
20,50161
20,50162
20,50163
20,50164
20,50165
20,50166
20,50167
20,50168
20,50169
20,50170
20,50171
20,50172
20,50173
20,50174
20,50175
20,50176
20,50177
20,50178
20,50179
20,50180
20,50181
20,50182
20,50183
20,50184
20,50185
20,50186
20,50187
20,50188
20,50189
20,50190
20,50191
20,50192
20,50193
20,50194
20,50195
20,50196
20,50197
20,50198
20,50199
21,50000
21,50001
21,50002
21,50003
21,50004
21,50005
21,50006
21,50007
21,50008
21,50009
21,50010
21,50011
21,50012
21,50013
21,50014
21,50015
21,50016
21,50017
21,50018
21,50019
21,50020
21,50021
21,50022
21,50023
21,50024
21,50025
21,50026
21,50027
21,50028
21,50029
21,50030
21,50031
21,50032
21,50033
21,50034
21,50035
21,50036
21,50037
21,50038
21,50039
21,50040
21,50041
21,50042
21,50043
21,50044
21,50045
21,50046
21,50047
21,50048
21,50049
21,50050
21,50051
21,50052
21,50053
21,50054
21,50055
21,50056
21,50057
21,50058
21,50059
21,50060
21,50061
21,50062
21,50063
21,50064
21,50065
21,50066
21,50067
21,50068
21,50069
21,50070
21,50071
21,50072
21,50073
21,50074
21,50075
21,50076
21,50077
21,50078
21,50079
21,50080
21,50081
21,50082
21,50083
21,50084
21,50085
21,50086
21,50087
21,50088
21,50089
21,50090
21,50091
21,50092
21,50093
21,50094
21,50095
21,50096
21,50097
21,50098
21,50099
21,50100
21,50101
21,50102
21,50103
21,50104
21,50105
21,50106
21,50107
21,50108
21,50109
21,50110
21,50111
21,50112
21,50113
21,50114
21,50115
21,50116
21,50117
21,50118
21,50119
21,50120
21,50121
21,50122
21,50123
21,50124
21,50125
21,50126
21,50127
21,50128
21,50129
21,50130
21,50131
21,50132
21,50133
21,50134
21,50135
21,50136
21,50137
21,50138
21,50139
21,50140
21,50141
21,50142
21,50143
21,50144
21,50145
21,50146
21,50147
21,50148
21,50149
21,50150
21,50151
21,50152
21,50153
21,50154
21,50155
21,50156
21,50157
21,50158
21,50159
21,50160
21,50161
21,50162
21,50163
21,50164
21,50165
21,50166
21,50167
21,50168
21,50169
21,50170
21,50171
21,50172
21,50173
21,50174
21,50175
21,50176
21,50177
21,50178
21,50179
21,50180
21,50181
21,50182
21,50183
21,50184
21,50185
21,50186
21,50187
21,50188
21,50189
21,50190
21,50191
21,50192
21,50193
21,50194
21,50195
21,50196
21,50197
21,50198
21,50199
22,50000
22,50001
22,50002
22,50003
22,50004
22,50005
22,50006
22,50007
22,50008
22,50009
22,50010
22,50011
22,50012
22,50013
22,50014
22,50015
22,50016
22,50017
22,50018
22,50019
22,50020
22,50021
22,50022
22,50023
22,50024
22,50025
22,50026
22,50027
22,50028
22,50029
22,50030
22,50031
22,50032
22,50033
22,50034
22,50035
22,50036
22,50037
22,50038
22,50039
22,50040
22,50041
22,50042
22,50043
22,50044
22,50045
22,50046
22,50047
22,50048
22,50049
22,50050
22,50051
22,50052
22,50053
22,50054
22,50055
22,50056
22,50057
22,50058
22,50059
22,50060
22,50061
22,50062
22,50063
22,50064
22,50065
22,50066
22,50067
22,50068
22,50069
22,50070
22,50071
22,50072
22,50073
22,50074
22,50075
22,50076
22,50077
22,50078
22,50079
22,50080
22,50081
22,50082
22,50083
22,50084
22,50085
22,50086
22,50087
22,50088
22,50089
22,50090
22,50091
22,50092
22,50093
22,50094
22,50095
22,50096
22,50097
22,50098
22,50099
22,50100
22,50101
22,50102
22,50103
22,50104
22,50105
22,50106
22,50107
22,50108
22,50109
22,50110
22,50111
22,50112
22,50113
22,50114
22,50115
22,50116
22,50117
22,50118
22,50119
22,50120
22,50121
22,50122
22,50123
22,50124
22,50125
22,50126
22,50127
22,50128
22,50129
22,50130
22,50131
22,50132
22,50133
22,50134
22,50135
22,50136
22,50137
22,50138
22,50139
22,50140
22,50141
22,50142
22,50143
22,50144
22,50145
22,50146
22,50147
22,50148
22,50149
22,50150
22,50151
22,50152
22,50153
22,50154
22,50155
22,50156
22,50157
22,50158
22,50159
22,50160
22,50161
22,50162
22,50163
22,50164
22,50165
22,50166
22,50167
22,50168
22,50169
22,50170
22,50171
22,50172
22,50173
22,50174
22,50175
22,50176
22,50177
22,50178
22,50179
22,50180
22,50181
22,50182
22,50183
22,50184
22,50185
22,50186
22,50187
22,50188
22,50189
22,50190
22,50191
22,50192
22,50193
22,50194
22,50195
22,50196
22,50197
22,50198
22,50199
22,50790
